Species,Treatment,Concentration,Day,FlaskID,ReadingID,RFU
T_weissflogii,Al,0,0,1,1,67.89
T_weissflogii,Al,0,0,1,2,67.32
T_weissflogii,Al,0,0,1,3,69.44
T_weissflogii,Al,0,0,2,1,67.63
T_weissflogii,Al,0,0,2,2,64.91
T_weissflogii,Al,0,0,2,3,66.29
T_weissflogii,Al,0,0,3,1,57.69
T_weissflogii,Al,0,0,3,2,56.97
T_weissflogii,Al,0,0,3,3,58.13
T_weissflogii,Al,0.1,0,1,1,100.79
T_weissflogii,Al,0.1,0,1,2,89.24
T_weissflogii,Al,0.1,0,1,3,87.34
T_weissflogii,Al,0.1,0,2,1,98.04
T_weissflogii,Al,0.1,0,2,2,83.68
T_weissflogii,Al,0.1,0,2,3,81.94
T_weissflogii,Al,0.1,0,3,1,89.27
T_weissflogii,Al,0.1,0,3,2,74.57
T_weissflogii,Al,0.1,0,3,3,69.79
T_weissflogii,Al,1,0,1,1,76.46
T_weissflogii,Al,1,0,1,2,70.01
T_weissflogii,Al,1,0,1,3,69.75
T_weissflogii,Al,1,0,2,1,84.63
T_weissflogii,Al,1,0,2,2,77.5
T_weissflogii,Al,1,0,2,3,76.95
T_weissflogii,Al,1,0,3,1,74.85
T_weissflogii,Al,1,0,3,2,79.14
T_weissflogii,Al,1,0,3,3,80.1
T_weissflogii,Al,0,1,1,1,360.5
T_weissflogii,Al,0,1,1,2,324.82
T_weissflogii,Al,0,1,1,3,315.43
T_weissflogii,Al,0,1,2,1,374.78
T_weissflogii,Al,0,1,2,2,339.98
T_weissflogii,Al,0,1,2,3,318.83
T_weissflogii,Al,0,1,3,1,327.27
T_weissflogii,Al,0,1,3,2,304.19
T_weissflogii,Al,0,1,3,3,295.63
T_weissflogii,Al,0.1,1,1,1,387.22
T_weissflogii,Al,0.1,1,1,2,351.72
T_weissflogii,Al,0.1,1,1,3,319.43
T_weissflogii,Al,0.1,1,2,1,351.68
T_weissflogii,Al,0.1,1,2,2,323.78
T_weissflogii,Al,0.1,1,2,3,305.3
T_weissflogii,Al,0.1,1,3,1,337.08
T_weissflogii,Al,0.1,1,3,2,323.72
T_weissflogii,Al,0.1,1,3,3,315.81
T_weissflogii,Al,1,1,1,1,191.53
T_weissflogii,Al,1,1,1,2,159.51
T_weissflogii,Al,1,1,1,3,153.01
T_weissflogii,Al,1,1,2,1,208.97
T_weissflogii,Al,1,1,2,2,177.02
T_weissflogii,Al,1,1,2,3,177.07
T_weissflogii,Al,1,1,3,1,196.23
T_weissflogii,Al,1,1,3,2,166.09
T_weissflogii,Al,1,1,3,3,169.64
T_weissflogii,Al,0,2,1,1,1128.14
T_weissflogii,Al,0,2,1,2,1090.76
T_weissflogii,Al,0,2,1,3,1064.92
T_weissflogii,Al,0,2,2,1,1235.91
T_weissflogii,Al,0,2,2,2,1184.02
T_weissflogii,Al,0,2,2,3,1122.3
T_weissflogii,Al,0,2,3,1,1236.8
T_weissflogii,Al,0,2,3,2,1172.47
T_weissflogii,Al,0,2,3,3,1128.92
T_weissflogii,Al,0.1,2,1,1,1319.13
T_weissflogii,Al,0.1,2,1,2,1222.14
T_weissflogii,Al,0.1,2,1,3,1174.94
T_weissflogii,Al,0.1,2,2,1,1364.4
T_weissflogii,Al,0.1,2,2,2,1261.46
T_weissflogii,Al,0.1,2,2,3,1202.75
T_weissflogii,Al,0.1,2,3,1,1351.23
T_weissflogii,Al,0.1,2,3,2,1293.44
T_weissflogii,Al,0.1,2,3,3,1271.88
T_weissflogii,Al,1,2,1,1,692.14
T_weissflogii,Al,1,2,1,2,665.52
T_weissflogii,Al,1,2,1,3,621.79
T_weissflogii,Al,1,2,2,1,807.14
T_weissflogii,Al,1,2,2,2,756.38
T_weissflogii,Al,1,2,2,3,713.79
T_weissflogii,Al,1,2,3,1,647.86
T_weissflogii,Al,1,2,3,2,575.81
T_weissflogii,Al,1,2,3,3,544.59
T_weissflogii,Al,0,3,1,1,2740.56
T_weissflogii,Al,0,3,1,2,2636.22
T_weissflogii,Al,0,3,1,3,2548
T_weissflogii,Al,0,3,2,1,3063.04
T_weissflogii,Al,0,3,2,2,2934.52
T_weissflogii,Al,0,3,2,3,2821.85
T_weissflogii,Al,0,3,3,1,3150.71
T_weissflogii,Al,0,3,3,2,2969.93
T_weissflogii,Al,0,3,3,3,2800.51
T_weissflogii,Al,0.1,3,1,1,3633.04
T_weissflogii,Al,0.1,3,1,2,3491.17
T_weissflogii,Al,0.1,3,1,3,3356.57
T_weissflogii,Al,0.1,3,2,1,3181.79
T_weissflogii,Al,0.1,3,2,2,3050.97
T_weissflogii,Al,0.1,3,2,3,2942.67
T_weissflogii,Al,0.1,3,3,1,3895.06
T_weissflogii,Al,0.1,3,3,2,3673.26
T_weissflogii,Al,0.1,3,3,3,3590.49
T_weissflogii,Al,1,3,1,1,1311.57
T_weissflogii,Al,1,3,1,2,1223.36
T_weissflogii,Al,1,3,1,3,1124.2
T_weissflogii,Al,1,3,2,1,1156.44
T_weissflogii,Al,1,3,2,2,1090.59
T_weissflogii,Al,1,3,2,3,1047.05
T_weissflogii,Al,1,3,3,1,1351.1
T_weissflogii,Al,1,3,3,2,1216.6
T_weissflogii,Al,1,3,3,3,1167.34
T_weissflogii,Al,0,4,1,1,7011.61
T_weissflogii,Al,0,4,1,2,6468.54
T_weissflogii,Al,0,4,1,3,6185.32
T_weissflogii,Al,0,4,2,1,6336.41
T_weissflogii,Al,0,4,2,2,6019.74
T_weissflogii,Al,0,4,2,3,5778.82
T_weissflogii,Al,0,4,3,1,6834.68
T_weissflogii,Al,0,4,3,2,6240.66
T_weissflogii,Al,0,4,3,3,5736.32
T_weissflogii,Al,0.1,4,1,1,5995.92
T_weissflogii,Al,0.1,4,1,2,5664.27
T_weissflogii,Al,0.1,4,1,3,5432.27
T_weissflogii,Al,0.1,4,2,1,6305.61
T_weissflogii,Al,0.1,4,2,2,6029.28
T_weissflogii,Al,0.1,4,2,3,5897.73
T_weissflogii,Al,0.1,4,3,1,7784.83
T_weissflogii,Al,0.1,4,3,2,7217.72
T_weissflogii,Al,0.1,4,3,3,6843.3
T_weissflogii,Al,1,4,1,1,1966.17
T_weissflogii,Al,1,4,1,2,1905.05
T_weissflogii,Al,1,4,1,3,1746
T_weissflogii,Al,1,4,2,1,2153.44
T_weissflogii,Al,1,4,2,2,1969.68
T_weissflogii,Al,1,4,2,3,1786.87
T_weissflogii,Al,1,4,3,1,2024.24
T_weissflogii,Al,1,4,3,2,1845.44
T_weissflogii,Al,1,4,3,3,1711.43
T_weissflogii,Al,0,5,1,1,10534.94
T_weissflogii,Al,0,5,1,2,10156.23
T_weissflogii,Al,0,5,1,3,9849.37
T_weissflogii,Al,0,5,2,1,1249.07
T_weissflogii,Al,0,5,2,2,11689.94
T_weissflogii,Al,0,5,2,3,11280.03
T_weissflogii,Al,0,5,3,1,14353.77
T_weissflogii,Al,0,5,3,2,13846.21
T_weissflogii,Al,0,5,3,3,12563.07
T_weissflogii,Al,0.1,5,1,1,12149.41
T_weissflogii,Al,0.1,5,1,2,11407.35
T_weissflogii,Al,0.1,5,1,3,10758.54
T_weissflogii,Al,0.1,5,2,1,11179.79
T_weissflogii,Al,0.1,5,2,2,10462.89
T_weissflogii,Al,0.1,5,2,3,9949.85
T_weissflogii,Al,0.1,5,3,1,14622.07
T_weissflogii,Al,0.1,5,3,2,14219.55
T_weissflogii,Al,0.1,5,3,3,13926.47
T_weissflogii,Al,1,5,1,1,2643.31
T_weissflogii,Al,1,5,1,2,2386.44
T_weissflogii,Al,1,5,1,3,2191.77
T_weissflogii,Al,1,5,2,1,2518.88
T_weissflogii,Al,1,5,2,2,2370.61
T_weissflogii,Al,1,5,2,3,2228.73
T_weissflogii,Al,1,5,3,1,2974.29
T_weissflogii,Al,1,5,3,2,2764.86
T_weissflogii,Al,1,5,3,3,2549.79
T_weissflogii,Al,0,6,1,1,25923.16
T_weissflogii,Al,0,6,1,2,26082.9
T_weissflogii,Al,0,6,1,3,25241.12
T_weissflogii,Al,0,6,2,1,30794.21
T_weissflogii,Al,0,6,2,2,30980.94
T_weissflogii,Al,0,6,2,3,30287.37
T_weissflogii,Al,0,6,3,1,25208.61
T_weissflogii,Al,0,6,3,2,23757.14
T_weissflogii,Al,0,6,3,3,22016.01
T_weissflogii,Al,0.1,6,1,1,27088.66
T_weissflogii,Al,0.1,6,1,2,26554.38
T_weissflogii,Al,0.1,6,1,3,26353.03
T_weissflogii,Al,0.1,6,2,1,26883.85
T_weissflogii,Al,0.1,6,2,2,26271.71
T_weissflogii,Al,0.1,6,2,3,24675.88
T_weissflogii,Al,0.1,6,3,1,34742.37
T_weissflogii,Al,0.1,6,3,2,33755.55
T_weissflogii,Al,0.1,6,3,3,32847.6
T_weissflogii,Al,1,6,1,1,4802.31
T_weissflogii,Al,1,6,1,2,4255.19
T_weissflogii,Al,1,6,1,3,3844.42
T_weissflogii,Al,1,6,2,1,4447.83
T_weissflogii,Al,1,6,2,2,4010.47
T_weissflogii,Al,1,6,2,3,3684.39
T_weissflogii,Al,1,6,3,1,4630.68
T_weissflogii,Al,1,6,3,2,4188.49
T_weissflogii,Al,1,6,3,3,3818.6
T_weissflogii,Al,0,7,1,1,21988.39
T_weissflogii,Al,0,7,1,2,20544.14
T_weissflogii,Al,0,7,1,3,18879.06
T_weissflogii,Al,0,7,2,1,21086.14
T_weissflogii,Al,0,7,2,2,18590.59
T_weissflogii,Al,0,7,2,3,17571.9
T_weissflogii,Al,0,7,3,1,19777.88
T_weissflogii,Al,0,7,3,2,17968.56
T_weissflogii,Al,0,7,3,3,16993.19
T_weissflogii,Al,0.1,7,1,1,29949.62
T_weissflogii,Al,0.1,7,1,2,28515.26
T_weissflogii,Al,0.1,7,1,3,27498.05
T_weissflogii,Al,0.1,7,2,1,28334.11
T_weissflogii,Al,0.1,7,2,2,24456.68
T_weissflogii,Al,0.1,7,2,3,23988.02
T_weissflogii,Al,0.1,7,3,1,24824.28
T_weissflogii,Al,0.1,7,3,2,21319.02
T_weissflogii,Al,0.1,7,3,3,19435.45
T_weissflogii,Al,1,7,1,1,10399.98
T_weissflogii,Al,1,7,1,2,10131.66
T_weissflogii,Al,1,7,1,3,9654.95
T_weissflogii,Al,1,7,2,1,9724.28
T_weissflogii,Al,1,7,2,2,9544.98
T_weissflogii,Al,1,7,2,3,9399.63
T_weissflogii,Al,1,7,3,1,10755.44
T_weissflogii,Al,1,7,3,2,10459.89
T_weissflogii,Al,1,7,3,3,10466.48
T_weissflogii,Al,0,8,1,1,12857.39
T_weissflogii,Al,0,8,1,2,11658.61
T_weissflogii,Al,0,8,1,3,9380.87
T_weissflogii,Al,0,8,2,1,14009.2
T_weissflogii,Al,0,8,2,2,11658.56
T_weissflogii,Al,0,8,2,3,10362.59
T_weissflogii,Al,0,8,3,1,16070.45
T_weissflogii,Al,0,8,3,2,13215.86
T_weissflogii,Al,0,8,3,3,12400.11
T_weissflogii,Al,0.1,8,1,1,17804.19
T_weissflogii,Al,0.1,8,1,2,15821.29
T_weissflogii,Al,0.1,8,1,3,15022.44
T_weissflogii,Al,0.1,8,2,1,17273.32
T_weissflogii,Al,0.1,8,2,2,16431.92
T_weissflogii,Al,0.1,8,2,3,13117.38
T_weissflogii,Al,0.1,8,3,1,18586.16
T_weissflogii,Al,0.1,8,3,2,15156.07
T_weissflogii,Al,0.1,8,3,3,14443.14
T_weissflogii,Al,1,8,1,1,21777.05
T_weissflogii,Al,1,8,1,2,20918.01
T_weissflogii,Al,1,8,1,3,20699.45
T_weissflogii,Al,1,8,2,1,19383.04
T_weissflogii,Al,1,8,2,2,18800.72
T_weissflogii,Al,1,8,2,3,18140.4
T_weissflogii,Al,1,8,3,1,25377.02
T_weissflogii,Al,1,8,3,2,24189.04
T_weissflogii,Al,1,8,3,3,23456.46
T_weissflogii,Al,0,9,1,1,5595.37
T_weissflogii,Al,0,9,1,2,5787.52
T_weissflogii,Al,0,9,1,3,5790.79
T_weissflogii,Al,0,9,2,1,6591.95
T_weissflogii,Al,0,9,2,2,6650.28
T_weissflogii,Al,0,9,2,3,6487.66
T_weissflogii,Al,0,9,3,1,5210.76
T_weissflogii,Al,0,9,3,2,5013.5
T_weissflogii,Al,0,9,3,3,4914.92
T_weissflogii,Al,0.1,9,1,1,7687.16
T_weissflogii,Al,0.1,9,1,2,7904.93
T_weissflogii,Al,0.1,9,1,3,8095.13
T_weissflogii,Al,0.1,9,2,1,7260.96
T_weissflogii,Al,0.1,9,2,2,7024.38
T_weissflogii,Al,0.1,9,2,3,7014.47
T_weissflogii,Al,0.1,9,3,1,7184.32
T_weissflogii,Al,0.1,9,3,2,6849.5
T_weissflogii,Al,0.1,9,3,3,6780.7
T_weissflogii,Al,1,9,1,1,7579.01
T_weissflogii,Al,1,9,1,2,7146.27
T_weissflogii,Al,1,9,1,3,7719.3
T_weissflogii,Al,1,9,2,1,8143.36
T_weissflogii,Al,1,9,2,2,7769.66
T_weissflogii,Al,1,9,2,3,8279.98
T_weissflogii,Al,1,9,3,1,8222.48
T_weissflogii,Al,1,9,3,2,7476.26
T_weissflogii,Al,1,9,3,3,7237.77
T_weissflogii,Zn,0,0,1,1,98.77
T_weissflogii,Zn,0,0,1,2,87.77
T_weissflogii,Zn,0,0,1,3,84.24
T_weissflogii,Zn,0,0,2,1,109.01
T_weissflogii,Zn,0,0,2,2,107.73
T_weissflogii,Zn,0,0,2,3,101.86
T_weissflogii,Zn,0,0,3,1,103.25
T_weissflogii,Zn,0,0,3,2,99.04
T_weissflogii,Zn,0,0,3,3,101.28
T_weissflogii,Zn,8,0,1,1,110.85
T_weissflogii,Zn,8,0,1,2,88.71
T_weissflogii,Zn,8,0,1,3,82.27
T_weissflogii,Zn,8,0,2,1,111.75
T_weissflogii,Zn,8,0,2,2,103.54
T_weissflogii,Zn,8,0,2,3,98.76
T_weissflogii,Zn,8,0,3,1,111.36
T_weissflogii,Zn,8,0,3,2,93.57
T_weissflogii,Zn,8,0,3,3,93.69
T_weissflogii,Zn,24,0,1,1,173.14
T_weissflogii,Zn,24,0,1,2,143.14
T_weissflogii,Zn,24,0,1,3,136.38
T_weissflogii,Zn,24,0,2,1,156.52
T_weissflogii,Zn,24,0,2,2,130.77
T_weissflogii,Zn,24,0,2,3,125.59
T_weissflogii,Zn,24,0,3,1,139.58
T_weissflogii,Zn,24,0,3,2,115.01
T_weissflogii,Zn,24,0,3,3,108.86
T_weissflogii,Zn,0,1,1,1,250.42
T_weissflogii,Zn,0,1,1,2,211.42
T_weissflogii,Zn,0,1,1,3,182.27
T_weissflogii,Zn,0,1,2,1,287.27
T_weissflogii,Zn,0,1,2,2,244.27
T_weissflogii,Zn,0,1,2,3,244.18
T_weissflogii,Zn,0,1,3,1,322.07
T_weissflogii,Zn,0,1,3,2,281.26
T_weissflogii,Zn,0,1,3,3,233.31
T_weissflogii,Zn,8,1,1,1,279.77
T_weissflogii,Zn,8,1,1,2,248.57
T_weissflogii,Zn,8,1,1,3,212.34
T_weissflogii,Zn,8,1,2,1,290.79
T_weissflogii,Zn,8,1,2,2,249.86
T_weissflogii,Zn,8,1,2,3,212.31
T_weissflogii,Zn,8,1,3,1,313.23
T_weissflogii,Zn,8,1,3,2,261.34
T_weissflogii,Zn,8,1,3,3,211
T_weissflogii,Zn,24,1,1,1,344.99
T_weissflogii,Zn,24,1,1,2,294.97
T_weissflogii,Zn,24,1,1,3,249.87
T_weissflogii,Zn,24,1,2,1,305.98
T_weissflogii,Zn,24,1,2,2,259.63
T_weissflogii,Zn,24,1,2,3,225.06
T_weissflogii,Zn,24,1,3,1,264.74
T_weissflogii,Zn,24,1,3,2,217.83
T_weissflogii,Zn,24,1,3,3,204.52
T_weissflogii,Zn,0,2,1,1,1444.05
T_weissflogii,Zn,0,2,1,2,1357.28
T_weissflogii,Zn,0,2,1,3,1357.62
T_weissflogii,Zn,0,2,2,1,1757.43
T_weissflogii,Zn,0,2,2,2,1686.35
T_weissflogii,Zn,0,2,2,3,1593.61
T_weissflogii,Zn,0,2,3,1,1676.16
T_weissflogii,Zn,0,2,3,2,1563.6
T_weissflogii,Zn,0,2,3,3,1503.37
T_weissflogii,Zn,8,2,1,1,1348.64
T_weissflogii,Zn,8,2,1,2,1269.29
T_weissflogii,Zn,8,2,1,3,1215.84
T_weissflogii,Zn,8,2,2,1,1489.2
T_weissflogii,Zn,8,2,2,2,1392.46
T_weissflogii,Zn,8,2,2,3,1312.59
T_weissflogii,Zn,8,2,3,1,1455.73
T_weissflogii,Zn,8,2,3,2,1381.18
T_weissflogii,Zn,8,2,3,3,1292.33
T_weissflogii,Zn,24,2,1,1,973.53
T_weissflogii,Zn,24,2,1,2,850.17
T_weissflogii,Zn,24,2,1,3,785.89
T_weissflogii,Zn,24,2,2,1,1016.25
T_weissflogii,Zn,24,2,2,2,900.95
T_weissflogii,Zn,24,2,2,3,832.39
T_weissflogii,Zn,24,2,3,1,886.16
T_weissflogii,Zn,24,2,3,2,804.66
T_weissflogii,Zn,24,2,3,3,739.62
T_weissflogii,Zn,0,3,1,1,4023.42
T_weissflogii,Zn,0,3,1,2,3788.93
T_weissflogii,Zn,0,3,1,3,3643.26
T_weissflogii,Zn,0,3,2,1,4855.44
T_weissflogii,Zn,0,3,2,2,4642.64
T_weissflogii,Zn,0,3,2,3,4436.19
T_weissflogii,Zn,0,3,3,1,4451.31
T_weissflogii,Zn,0,3,3,2,4220.13
T_weissflogii,Zn,0,3,3,3,4003.83
T_weissflogii,Zn,8,3,1,1,3237.42
T_weissflogii,Zn,8,3,1,2,2994.05
T_weissflogii,Zn,8,3,1,3,2657.31
T_weissflogii,Zn,8,3,2,1,3694.51
T_weissflogii,Zn,8,3,2,2,3314.44
T_weissflogii,Zn,8,3,2,3,3035.88
T_weissflogii,Zn,8,3,3,1,3509.18
T_weissflogii,Zn,8,3,3,2,3141.96
T_weissflogii,Zn,8,3,3,3,2864.57
T_weissflogii,Zn,24,3,1,1,1447.5
T_weissflogii,Zn,24,3,1,2,1296.61
T_weissflogii,Zn,24,3,1,3,1233.06
T_weissflogii,Zn,24,3,2,1,1580.03
T_weissflogii,Zn,24,3,2,2,1369.5
T_weissflogii,Zn,24,3,2,3,1272.23
T_weissflogii,Zn,24,3,3,1,1323.74
T_weissflogii,Zn,24,3,3,2,1179.91
T_weissflogii,Zn,24,3,3,3,1135.56
T_weissflogii,Zn,0,4,1,1,8836.62
T_weissflogii,Zn,0,4,1,2,6912.44
T_weissflogii,Zn,0,4,1,3,6073.14
T_weissflogii,Zn,0,4,2,1,9860.48
T_weissflogii,Zn,0,4,2,2,7850.64
T_weissflogii,Zn,0,4,2,3,7243.45
T_weissflogii,Zn,0,4,3,1,9490.63
T_weissflogii,Zn,0,4,3,2,7708.88
T_weissflogii,Zn,0,4,3,3,6941.24
T_weissflogii,Zn,8,4,1,1,7718.22
T_weissflogii,Zn,8,4,1,2,6220.01
T_weissflogii,Zn,8,4,1,3,5501.43
T_weissflogii,Zn,8,4,2,1,8324.72
T_weissflogii,Zn,8,4,2,2,6887.57
T_weissflogii,Zn,8,4,2,3,6388.39
T_weissflogii,Zn,8,4,3,1,6791.66
T_weissflogii,Zn,8,4,3,2,5194.86
T_weissflogii,Zn,8,4,3,3,5457.76
T_weissflogii,Zn,24,4,1,1,2247.96
T_weissflogii,Zn,24,4,1,2,1699.95
T_weissflogii,Zn,24,4,1,3,1469.01
T_weissflogii,Zn,24,4,2,1,2090.63
T_weissflogii,Zn,24,4,2,2,1653.92
T_weissflogii,Zn,24,4,2,3,1455.81
T_weissflogii,Zn,24,4,3,1,1524.79
T_weissflogii,Zn,24,4,3,2,1323.94
T_weissflogii,Zn,24,4,3,3,1334.89
T_weissflogii,Zn,0,5,1,1,13665.43
T_weissflogii,Zn,0,5,1,2,12120.37
T_weissflogii,Zn,0,5,1,3,10937.08
T_weissflogii,Zn,0,5,2,1,15801.72
T_weissflogii,Zn,0,5,2,2,13501.87
T_weissflogii,Zn,0,5,2,3,11652.41
T_weissflogii,Zn,0,5,3,1,14345.11
T_weissflogii,Zn,0,5,3,2,12712.37
T_weissflogii,Zn,0,5,3,3,11694.42
T_weissflogii,Zn,8,5,1,1,14570.97
T_weissflogii,Zn,8,5,1,2,12485.37
T_weissflogii,Zn,8,5,1,3,11151.76
T_weissflogii,Zn,8,5,2,1,19093.12
T_weissflogii,Zn,8,5,2,2,15061.21
T_weissflogii,Zn,8,5,2,3,14287.33
T_weissflogii,Zn,8,5,3,1,13731.12
T_weissflogii,Zn,8,5,3,2,11777.24
T_weissflogii,Zn,8,5,3,3,10196.79
T_weissflogii,Zn,24,5,1,1,2441.17
T_weissflogii,Zn,24,5,1,2,2154.94
T_weissflogii,Zn,24,5,1,3,2019.79
T_weissflogii,Zn,24,5,2,1,2105.6
T_weissflogii,Zn,24,5,2,2,1837.85
T_weissflogii,Zn,24,5,2,3,1792.65
T_weissflogii,Zn,24,5,3,1,1843.35
T_weissflogii,Zn,24,5,3,2,1607.6
T_weissflogii,Zn,24,5,3,3,1614.1
T_weissflogii,Zn,0,6,1,1,18050.03
T_weissflogii,Zn,0,6,1,2,16219.76
T_weissflogii,Zn,0,6,1,3,15605.75
T_weissflogii,Zn,0,6,2,1,18251.7
T_weissflogii,Zn,0,6,2,2,18057.22
T_weissflogii,Zn,0,6,2,3,17570.11
T_weissflogii,Zn,0,6,3,1,18991.71
T_weissflogii,Zn,0,6,3,2,16240.22
T_weissflogii,Zn,0,6,3,3,16699.44
T_weissflogii,Zn,8,6,1,1,15354.33
T_weissflogii,Zn,8,6,1,2,13120.1
T_weissflogii,Zn,8,6,1,3,13739.53
T_weissflogii,Zn,8,6,2,1,16577.03
T_weissflogii,Zn,8,6,2,2,14547.29
T_weissflogii,Zn,8,6,2,3,14458.96
T_weissflogii,Zn,8,6,3,1,16510.28
T_weissflogii,Zn,8,6,3,2,13845.59
T_weissflogii,Zn,8,6,3,3,13562.16
T_weissflogii,Zn,24,6,1,1,2596.99
T_weissflogii,Zn,24,6,1,2,2039.71
T_weissflogii,Zn,24,6,1,3,1817.87
T_weissflogii,Zn,24,6,2,1,2879.63
T_weissflogii,Zn,24,6,2,2,2198.2
T_weissflogii,Zn,24,6,2,3,1892.54
T_weissflogii,Zn,24,6,3,1,2433.09
T_weissflogii,Zn,24,6,3,2,1915.73
T_weissflogii,Zn,24,6,3,3,1679.88
T_weissflogii,Zn,0,7,1,1,25007.9
T_weissflogii,Zn,0,7,1,2,22606.48
T_weissflogii,Zn,0,7,1,3,20017.25
T_weissflogii,Zn,0,7,2,1,27903.09
T_weissflogii,Zn,0,7,2,2,24798.85
T_weissflogii,Zn,0,7,2,3,22338.54
T_weissflogii,Zn,0,7,3,1,23666.23
T_weissflogii,Zn,0,7,3,2,19917.46
T_weissflogii,Zn,0,7,3,3,18817.64
T_weissflogii,Zn,8,7,1,1,14413.5
T_weissflogii,Zn,8,7,1,2,12892.64
T_weissflogii,Zn,8,7,1,3,12690.18
T_weissflogii,Zn,8,7,2,1,15080.71
T_weissflogii,Zn,8,7,2,2,14156.93
T_weissflogii,Zn,8,7,2,3,13100.88
T_weissflogii,Zn,8,7,3,1,15521.56
T_weissflogii,Zn,8,7,3,2,14528.47
T_weissflogii,Zn,8,7,3,3,13179.6
T_weissflogii,Zn,24,7,1,1,2265.23
T_weissflogii,Zn,24,7,1,2,2203.65
T_weissflogii,Zn,24,7,1,3,2193.44
T_weissflogii,Zn,24,7,2,1,1932.82
T_weissflogii,Zn,24,7,2,2,1648.65
T_weissflogii,Zn,24,7,2,3,1643.29
T_weissflogii,Zn,24,7,3,1,1791.82
T_weissflogii,Zn,24,7,3,2,1574.19
T_weissflogii,Zn,24,7,3,3,1572.46
T_weissflogii,Zn,0,8,1,1,15865.25
T_weissflogii,Zn,0,8,1,2,11251.74
T_weissflogii,Zn,0,8,1,3,11774.36
T_weissflogii,Zn,0,8,2,1,13923.35
T_weissflogii,Zn,0,8,2,2,9574.66
T_weissflogii,Zn,0,8,2,3,9808.09
T_weissflogii,Zn,0,8,3,1,14993.61
T_weissflogii,Zn,0,8,3,2,10236.12
T_weissflogii,Zn,0,8,3,3,10358.28
T_weissflogii,Zn,8,8,1,1,9688.89
T_weissflogii,Zn,8,8,1,2,7595.54
T_weissflogii,Zn,8,8,1,3,9187.14
T_weissflogii,Zn,8,8,2,1,12109.97
T_weissflogii,Zn,8,8,2,2,12095.76
T_weissflogii,Zn,8,8,2,3,10324.96
T_weissflogii,Zn,8,8,3,1,12584.2
T_weissflogii,Zn,8,8,3,2,13006.37
T_weissflogii,Zn,8,8,3,3,11979.15
T_weissflogii,Zn,24,8,1,1,1305.3
T_weissflogii,Zn,24,8,1,2,1099.75
T_weissflogii,Zn,24,8,1,3,1011.29
T_weissflogii,Zn,24,8,2,1,1852.25
T_weissflogii,Zn,24,8,2,2,1497.36
T_weissflogii,Zn,24,8,2,3,1321.42
T_weissflogii,Zn,24,8,3,1,1617.77
T_weissflogii,Zn,24,8,3,2,1410.52
T_weissflogii,Zn,24,8,3,3,1300.41
T_pseudonana,Al,0,0,1,1,110.14
T_pseudonana,Al,0,0,1,2,104.71
T_pseudonana,Al,0,0,1,3,103.06
T_pseudonana,Al,0,0,2,1,116.04
T_pseudonana,Al,0,0,2,2,111.65
T_pseudonana,Al,0,0,2,3,109.56
T_pseudonana,Al,0,0,3,1,122.89
T_pseudonana,Al,0,0,3,2,119.01
T_pseudonana,Al,0,0,3,3,116.54
T_pseudonana,Al,0.1,0,1,1,118.12
T_pseudonana,Al,0.1,0,1,2,116.27
T_pseudonana,Al,0.1,0,1,3,114.45
T_pseudonana,Al,0.1,0,2,1,111.77
T_pseudonana,Al,0.1,0,2,2,107.82
T_pseudonana,Al,0.1,0,2,3,104.41
T_pseudonana,Al,0.1,0,3,1,122.83
T_pseudonana,Al,0.1,0,3,2,117.17
T_pseudonana,Al,0.1,0,3,3,113.84
T_pseudonana,Al,1,0,1,1,124.08
T_pseudonana,Al,1,0,1,2,118.23
T_pseudonana,Al,1,0,1,3,115.05
T_pseudonana,Al,1,0,2,1,139.13
T_pseudonana,Al,1,0,2,2,132.78
T_pseudonana,Al,1,0,2,3,131.67
T_pseudonana,Al,1,0,3,1,116.52
T_pseudonana,Al,1,0,3,2,110.7
T_pseudonana,Al,1,0,3,3,106.98
T_pseudonana,Al,0,1,1,1,489.56
T_pseudonana,Al,0,1,1,2,473.31
T_pseudonana,Al,0,1,1,3,458.2
T_pseudonana,Al,0,1,2,1,465.69
T_pseudonana,Al,0,1,2,2,452.21
T_pseudonana,Al,0,1,2,3,442.05
T_pseudonana,Al,0,1,3,1,506.05
T_pseudonana,Al,0,1,3,2,490.53
T_pseudonana,Al,0,1,3,3,472.08
T_pseudonana,Al,0.1,1,1,1,538.96
T_pseudonana,Al,0.1,1,1,2,528.13
T_pseudonana,Al,0.1,1,1,3,512.62
T_pseudonana,Al,0.1,1,2,1,533.24
T_pseudonana,Al,0.1,1,2,2,513.96
T_pseudonana,Al,0.1,1,2,3,494.94
T_pseudonana,Al,0.1,1,3,1,534.85
T_pseudonana,Al,0.1,1,3,2,529.3
T_pseudonana,Al,0.1,1,3,3,516.15
T_pseudonana,Al,1,1,1,1,139.94
T_pseudonana,Al,1,1,1,2,132.72
T_pseudonana,Al,1,1,1,3,130.05
T_pseudonana,Al,1,1,2,1,132.83
T_pseudonana,Al,1,1,2,2,125.41
T_pseudonana,Al,1,1,2,3,121.22
T_pseudonana,Al,1,1,3,1,139.82
T_pseudonana,Al,1,1,3,2,131.7
T_pseudonana,Al,1,1,3,3,124.41
T_pseudonana,Al,0,2,1,1,3356.76
T_pseudonana,Al,0,2,1,2,3178.71
T_pseudonana,Al,0,2,1,3,3066.78
T_pseudonana,Al,0,2,2,1,2935.66
T_pseudonana,Al,0,2,2,2,2824.38
T_pseudonana,Al,0,2,2,3,2803.48
T_pseudonana,Al,0,2,3,1,3055.17
T_pseudonana,Al,0,2,3,2,2913.16
T_pseudonana,Al,0,2,3,3,2818.51
T_pseudonana,Al,0.1,2,1,1,3714.89
T_pseudonana,Al,0.1,2,1,2,3521.6
T_pseudonana,Al,0.1,2,1,3,3402.47
T_pseudonana,Al,0.1,2,2,1,3167.65
T_pseudonana,Al,0.1,2,2,2,2988.76
T_pseudonana,Al,0.1,2,2,3,2885.29
T_pseudonana,Al,0.1,2,3,1,3439.5
T_pseudonana,Al,0.1,2,3,2,3248.11
T_pseudonana,Al,0.1,2,3,3,3142.66
T_pseudonana,Al,1,2,1,1,721.55
T_pseudonana,Al,1,2,1,2,694.43
T_pseudonana,Al,1,2,1,3,671.5
T_pseudonana,Al,1,2,2,1,665.78
T_pseudonana,Al,1,2,2,2,629.06
T_pseudonana,Al,1,2,2,3,616.44
T_pseudonana,Al,1,2,3,1,712.32
T_pseudonana,Al,1,2,3,2,681.82
T_pseudonana,Al,1,2,3,3,665.19
T_pseudonana,Al,0,3,1,1,8964.17
T_pseudonana,Al,0,3,1,2,8486.26
T_pseudonana,Al,0,3,1,3,8300.76
T_pseudonana,Al,0,3,2,1,8608.87
T_pseudonana,Al,0,3,2,2,8084.77
T_pseudonana,Al,0,3,2,3,7891.08
T_pseudonana,Al,0,3,3,1,8572.06
T_pseudonana,Al,0,3,3,2,8050.66
T_pseudonana,Al,0,3,3,3,7718.08
T_pseudonana,Al,0.1,3,1,1,12715.78
T_pseudonana,Al,0.1,3,1,2,12838.18
T_pseudonana,Al,0.1,3,1,3,12173.03
T_pseudonana,Al,0.1,3,2,1,12197.22
T_pseudonana,Al,0.1,3,2,2,11547.96
T_pseudonana,Al,0.1,3,2,3,11198.98
T_pseudonana,Al,0.1,3,3,1,10088.44
T_pseudonana,Al,0.1,3,3,2,9946.5
T_pseudonana,Al,0.1,3,3,3,9530.73
T_pseudonana,Al,1,3,1,1,3447.19
T_pseudonana,Al,1,3,1,2,3353.56
T_pseudonana,Al,1,3,1,3,3288.43
T_pseudonana,Al,1,3,2,1,3157.44
T_pseudonana,Al,1,3,2,2,3059.38
T_pseudonana,Al,1,3,2,3,3010.3
T_pseudonana,Al,1,3,3,1,3825.07
T_pseudonana,Al,1,3,3,2,3759.68
T_pseudonana,Al,1,3,3,3,3699.01
T_pseudonana,Al,0,4,1,1,19353.88
T_pseudonana,Al,0,4,1,2,17913.54
T_pseudonana,Al,0,4,1,3,16824.86
T_pseudonana,Al,0,4,2,1,17857.53
T_pseudonana,Al,0,4,2,2,16627.14
T_pseudonana,Al,0,4,2,3,15790.53
T_pseudonana,Al,0,4,3,1,15999.36
T_pseudonana,Al,0,4,3,2,15331
T_pseudonana,Al,0,4,3,3,14285.68
T_pseudonana,Al,0.1,4,1,1,22748.59
T_pseudonana,Al,0.1,4,1,2,20611.59
T_pseudonana,Al,0.1,4,1,3,19394.56
T_pseudonana,Al,0.1,4,2,1,22465.46
T_pseudonana,Al,0.1,4,2,2,20447.92
T_pseudonana,Al,0.1,4,2,3,19326.88
T_pseudonana,Al,0.1,4,3,1,21252.95
T_pseudonana,Al,0.1,4,3,2,19417.25
T_pseudonana,Al,0.1,4,3,3,18271.06
T_pseudonana,Al,1,4,1,1,12960.03
T_pseudonana,Al,1,4,1,2,12502.62
T_pseudonana,Al,1,4,1,3,12355.21
T_pseudonana,Al,1,4,2,1,10249.5
T_pseudonana,Al,1,4,2,2,9860.68
T_pseudonana,Al,1,4,2,3,9952.69
T_pseudonana,Al,1,4,3,1,11377.99
T_pseudonana,Al,1,4,3,2,11200.02
T_pseudonana,Al,1,4,3,3,11039.72
T_pseudonana,Al,0,5,1,1,11729.92
T_pseudonana,Al,0,5,1,2,11172.21
T_pseudonana,Al,0,5,1,3,10760.38
T_pseudonana,Al,0,5,2,1,13353.68
T_pseudonana,Al,0,5,2,2,12709.42
T_pseudonana,Al,0,5,2,3,12300
T_pseudonana,Al,0,5,3,1,14165.32
T_pseudonana,Al,0,5,3,2,13787.81
T_pseudonana,Al,0,5,3,3,13810.66
T_pseudonana,Al,0.1,5,1,1,13122.74
T_pseudonana,Al,0.1,5,1,2,12448.08
T_pseudonana,Al,0.1,5,1,3,11903.81
T_pseudonana,Al,0.1,5,2,1,11562.19
T_pseudonana,Al,0.1,5,2,2,10857.09
T_pseudonana,Al,0.1,5,2,3,10392.79
T_pseudonana,Al,0.1,5,3,1,15435.51
T_pseudonana,Al,0.1,5,3,2,14651.23
T_pseudonana,Al,0.1,5,3,3,14152.96
T_pseudonana,Al,1,5,1,1,2577.5
T_pseudonana,Al,1,5,1,2,2362.21
T_pseudonana,Al,1,5,1,3,2159.11
T_pseudonana,Al,1,5,2,1,2724
T_pseudonana,Al,1,5,2,2,2546.2
T_pseudonana,Al,1,5,2,3,2345.21
T_pseudonana,Al,1,5,3,1,2841.83
T_pseudonana,Al,1,5,3,2,2612.61
T_pseudonana,Al,1,5,3,3,2371.26
T_pseudonana,Zn,0,0,1,1,96.47
T_pseudonana,Zn,0,0,1,2,93.25
T_pseudonana,Zn,0,0,1,3,89.95
T_pseudonana,Zn,0,0,2,1,96.25
T_pseudonana,Zn,0,0,2,2,90.7
T_pseudonana,Zn,0,0,2,3,87.49
T_pseudonana,Zn,0,0,3,1,115.79
T_pseudonana,Zn,0,0,3,2,110.9
T_pseudonana,Zn,0,0,3,3,108.63
T_pseudonana,Zn,8,0,1,1,102.25
T_pseudonana,Zn,8,0,1,2,94.14
T_pseudonana,Zn,8,0,1,3,90.82
T_pseudonana,Zn,8,0,2,1,107.54
T_pseudonana,Zn,8,0,2,2,100.82
T_pseudonana,Zn,8,0,2,3,98.13
T_pseudonana,Zn,8,0,3,1,89.82
T_pseudonana,Zn,8,0,3,2,84.18
T_pseudonana,Zn,8,0,3,3,80.5
T_pseudonana,Zn,24,0,1,1,106.77
T_pseudonana,Zn,24,0,1,2,100.39
T_pseudonana,Zn,24,0,1,3,99.02
T_pseudonana,Zn,24,0,2,1,99.53
T_pseudonana,Zn,24,0,2,2,96.11
T_pseudonana,Zn,24,0,2,3,92.91
T_pseudonana,Zn,24,0,3,1,107.4
T_pseudonana,Zn,24,0,3,2,102.2
T_pseudonana,Zn,24,0,3,3,97.32
T_pseudonana,Zn,0,1,1,1,263.81
T_pseudonana,Zn,0,1,1,2,238.51
T_pseudonana,Zn,0,1,1,3,227.98
T_pseudonana,Zn,0,1,2,1,147.63
T_pseudonana,Zn,0,1,2,2,138.58
T_pseudonana,Zn,0,1,2,3,131.98
T_pseudonana,Zn,0,1,3,1,126.61
T_pseudonana,Zn,0,1,3,2,124.51
T_pseudonana,Zn,0,1,3,3,119.8
T_pseudonana,Zn,8,1,1,1,168.65
T_pseudonana,Zn,8,1,1,2,162.68
T_pseudonana,Zn,8,1,1,3,159.5
T_pseudonana,Zn,8,1,2,1,137.34
T_pseudonana,Zn,8,1,2,2,133.23
T_pseudonana,Zn,8,1,2,3,127.75
T_pseudonana,Zn,8,1,3,1,141.36
T_pseudonana,Zn,8,1,3,2,134.85
T_pseudonana,Zn,8,1,3,3,129.01
T_pseudonana,Zn,24,1,1,1,141.01
T_pseudonana,Zn,24,1,1,2,127.48
T_pseudonana,Zn,24,1,1,3,124.8
T_pseudonana,Zn,24,1,2,1,147.32
T_pseudonana,Zn,24,1,2,2,138.25
T_pseudonana,Zn,24,1,2,3,132.78
T_pseudonana,Zn,24,1,3,1,135.33
T_pseudonana,Zn,24,1,3,2,131.44
T_pseudonana,Zn,24,1,3,3,129.25
T_pseudonana,Zn,0,2,1,1,685.66
T_pseudonana,Zn,0,2,1,2,668.25
T_pseudonana,Zn,0,2,1,3,658.25
T_pseudonana,Zn,0,2,2,1,689.07
T_pseudonana,Zn,0,2,2,2,676.98
T_pseudonana,Zn,0,2,2,3,673
T_pseudonana,Zn,0,2,3,1,750.98
T_pseudonana,Zn,0,2,3,2,735.73
T_pseudonana,Zn,0,2,3,3,726.76
T_pseudonana,Zn,8,2,1,1,884.51
T_pseudonana,Zn,8,2,1,2,847.81
T_pseudonana,Zn,8,2,1,3,822.59
T_pseudonana,Zn,8,2,2,1,812.36
T_pseudonana,Zn,8,2,2,2,784.43
T_pseudonana,Zn,8,2,2,3,765.87
T_pseudonana,Zn,8,2,3,1,851.21
T_pseudonana,Zn,8,2,3,2,817.85
T_pseudonana,Zn,8,2,3,3,795.22
T_pseudonana,Zn,24,2,1,1,644.58
T_pseudonana,Zn,24,2,1,2,598.47
T_pseudonana,Zn,24,2,1,3,568.37
T_pseudonana,Zn,24,2,2,1,720.83
T_pseudonana,Zn,24,2,2,2,676.81
T_pseudonana,Zn,24,2,2,3,655.21
T_pseudonana,Zn,24,2,3,1,739.01
T_pseudonana,Zn,24,2,3,2,688.74
T_pseudonana,Zn,24,2,3,3,655.21
T_pseudonana,Zn,0,3,1,1,2230.94
T_pseudonana,Zn,0,3,1,2,2166.32
T_pseudonana,Zn,0,3,1,3,2118.36
T_pseudonana,Zn,0,3,2,1,2750.51
T_pseudonana,Zn,0,3,2,2,2617.44
T_pseudonana,Zn,0,3,2,3,2525.87
T_pseudonana,Zn,0,3,3,1,2601.09
T_pseudonana,Zn,0,3,3,2,2524.94
T_pseudonana,Zn,0,3,3,3,2463.18
T_pseudonana,Zn,8,3,1,1,2547.56
T_pseudonana,Zn,8,3,1,2,2449.44
T_pseudonana,Zn,8,3,1,3,2422.75
T_pseudonana,Zn,8,3,2,1,2631.76
T_pseudonana,Zn,8,3,2,2,2554.53
T_pseudonana,Zn,8,3,2,3,2494.32
T_pseudonana,Zn,8,3,3,1,2646.31
T_pseudonana,Zn,8,3,3,2,2569.24
T_pseudonana,Zn,8,3,3,3,2526.3
T_pseudonana,Zn,24,3,1,1,1796.49
T_pseudonana,Zn,24,3,1,2,1700.41
T_pseudonana,Zn,24,3,1,3,1647.97
T_pseudonana,Zn,24,3,2,1,1610.2
T_pseudonana,Zn,24,3,2,2,1523.1
T_pseudonana,Zn,24,3,2,3,1474.94
T_pseudonana,Zn,24,3,3,1,1770.63
T_pseudonana,Zn,24,3,3,2,1651.61
T_pseudonana,Zn,24,3,3,3,1572.91
T_pseudonana,Zn,0,4,1,1,5916.23
T_pseudonana,Zn,0,4,1,2,5647.78
T_pseudonana,Zn,0,4,1,3,5283.8
T_pseudonana,Zn,0,4,2,1,5428.66
T_pseudonana,Zn,0,4,2,2,5059.82
T_pseudonana,Zn,0,4,2,3,4851.14
T_pseudonana,Zn,0,4,3,1,5801.9
T_pseudonana,Zn,0,4,3,2,5318.07
T_pseudonana,Zn,0,4,3,3,5181.23
T_pseudonana,Zn,8,4,1,1,7596.02
T_pseudonana,Zn,8,4,1,2,7119.19
T_pseudonana,Zn,8,4,1,3,6790.37
T_pseudonana,Zn,8,4,2,1,7658.67
T_pseudonana,Zn,8,4,2,2,7199.82
T_pseudonana,Zn,8,4,2,3,7106.25
T_pseudonana,Zn,8,4,3,1,7553.79
T_pseudonana,Zn,8,4,3,2,7220.09
T_pseudonana,Zn,8,4,3,3,6873.13
T_pseudonana,Zn,24,4,1,1,4325.5
T_pseudonana,Zn,24,4,1,2,4118.47
T_pseudonana,Zn,24,4,1,3,3845.22
T_pseudonana,Zn,24,4,2,1,3888.7
T_pseudonana,Zn,24,4,2,2,3570.98
T_pseudonana,Zn,24,4,2,3,3374.93
T_pseudonana,Zn,24,4,3,1,4224.24
T_pseudonana,Zn,24,4,3,2,3843.09
T_pseudonana,Zn,24,4,3,3,3572.07
T_pseudonana,Zn,0,5,1,1,21116.68
T_pseudonana,Zn,0,5,1,2,19977.35
T_pseudonana,Zn,0,5,1,3,16836.13
T_pseudonana,Zn,0,5,2,1,22806.95
T_pseudonana,Zn,0,5,2,2,21342.85
T_pseudonana,Zn,0,5,2,3,20347.68
T_pseudonana,Zn,0,5,3,1,20035.85
T_pseudonana,Zn,0,5,3,2,19300.58
T_pseudonana,Zn,0,5,3,3,19262.39
T_pseudonana,Zn,8,5,1,1,26887.05
T_pseudonana,Zn,8,5,1,2,25859.41
T_pseudonana,Zn,8,5,1,3,25335.91
T_pseudonana,Zn,8,5,2,1,30995.97
T_pseudonana,Zn,8,5,2,2,28457.8
T_pseudonana,Zn,8,5,2,3,27165.18
T_pseudonana,Zn,8,5,3,1,25123.56
T_pseudonana,Zn,8,5,3,2,23874.11
T_pseudonana,Zn,8,5,3,3,23091.79
T_pseudonana,Zn,24,5,1,1,19201.13
T_pseudonana,Zn,24,5,1,2,18063.3
T_pseudonana,Zn,24,5,1,3,18165.41
T_pseudonana,Zn,24,5,2,1,19096.93
T_pseudonana,Zn,24,5,2,2,18251.87
T_pseudonana,Zn,24,5,2,3,17670.45
T_pseudonana,Zn,24,5,3,1,18566.46
T_pseudonana,Zn,24,5,3,2,17529.07
T_pseudonana,Zn,24,5,3,3,16848.48
T_pseudonana,Zn,0,6,1,1,19823.66
T_pseudonana,Zn,0,6,1,2,18385.72
T_pseudonana,Zn,0,6,1,3,18412.66
T_pseudonana,Zn,0,6,2,1,19426.81
T_pseudonana,Zn,0,6,2,2,16903.26
T_pseudonana,Zn,0,6,2,3,15841.6
T_pseudonana,Zn,0,6,3,1,17648.09
T_pseudonana,Zn,0,6,3,2,15740.27
T_pseudonana,Zn,0,6,3,3,14634.49
T_pseudonana,Zn,8,6,1,1,17299.87
T_pseudonana,Zn,8,6,1,2,16352
T_pseudonana,Zn,8,6,1,3,16046.06
T_pseudonana,Zn,8,6,2,1,14985.86
T_pseudonana,Zn,8,6,2,2,14392.02
T_pseudonana,Zn,8,6,2,3,14853.1
T_pseudonana,Zn,8,6,3,1,15050.92
T_pseudonana,Zn,8,6,3,2,14395.47
T_pseudonana,Zn,8,6,3,3,14276.28
T_pseudonana,Zn,24,6,1,1,10165.93
T_pseudonana,Zn,24,6,1,2,9535.18
T_pseudonana,Zn,24,6,1,3,9530.42
T_pseudonana,Zn,24,6,2,1,12655.58
T_pseudonana,Zn,24,6,2,2,12631.96
T_pseudonana,Zn,24,6,2,3,11798.66
T_pseudonana,Zn,24,6,3,1,11445.62
T_pseudonana,Zn,24,6,3,2,10745.34
T_pseudonana,Zn,24,6,3,3,10167.31
T_pseudonana,Zn,0,7,1,1,14792.7
T_pseudonana,Zn,0,7,1,2,13971.14
T_pseudonana,Zn,0,7,1,3,13079.35
T_pseudonana,Zn,0,7,2,1,14106.92
T_pseudonana,Zn,0,7,2,2,12615.84
T_pseudonana,Zn,0,7,2,3,11972.35
T_pseudonana,Zn,0,7,3,1,14521.05
T_pseudonana,Zn,0,7,3,2,13519.15
T_pseudonana,Zn,0,7,3,3,13027.76
T_pseudonana,Zn,8,7,1,1,17074.17
T_pseudonana,Zn,8,7,1,2,17860.24
T_pseudonana,Zn,8,7,1,3,17384.93
T_pseudonana,Zn,8,7,2,1,13792
T_pseudonana,Zn,8,7,2,2,13118.56
T_pseudonana,Zn,8,7,2,3,13056.26
T_pseudonana,Zn,8,7,3,1,14393.7
T_pseudonana,Zn,8,7,3,2,13811.61
T_pseudonana,Zn,8,7,3,3,13035.37
T_pseudonana,Zn,24,7,1,1,8909.28
T_pseudonana,Zn,24,7,1,2,9164.21
T_pseudonana,Zn,24,7,1,3,8586.3
T_pseudonana,Zn,24,7,2,1,10214.98
T_pseudonana,Zn,24,7,2,2,10509.78
T_pseudonana,Zn,24,7,2,3,9955.57
T_pseudonana,Zn,24,7,3,1,10402.31
T_pseudonana,Zn,24,7,3,2,9553.1
T_pseudonana,Zn,24,7,3,3,8808.44
C_pulvinata,P,0,0,1,1,72.77
C_pulvinata,P,0,0,1,2,72.33
C_pulvinata,P,0,0,1,3,71.4
C_pulvinata,P,0,0,2,1,62.47
C_pulvinata,P,0,0,2,2,61.94
C_pulvinata,P,0,0,2,3,56.9
C_pulvinata,P,0,0,3,1,51.8
C_pulvinata,P,0,0,3,2,47.9
C_pulvinata,P,0,0,3,3,48.74
C_pulvinata,P,20,0,1,1,61.77
C_pulvinata,P,20,0,1,2,56.52
C_pulvinata,P,20,0,1,3,57.69
C_pulvinata,P,20,0,2,1,61.35
C_pulvinata,P,20,0,2,2,56.95
C_pulvinata,P,20,0,2,3,53.11
C_pulvinata,P,20,0,3,1,80.59
C_pulvinata,P,20,0,3,2,70.73
C_pulvinata,P,20,0,3,3,71.18
C_pulvinata,P,2000,0,1,1,51.89
C_pulvinata,P,2000,0,1,2,50.36
C_pulvinata,P,2000,0,1,3,57.53
C_pulvinata,P,2000,0,2,1,60.92
C_pulvinata,P,2000,0,2,2,58.92
C_pulvinata,P,2000,0,2,3,57.15
C_pulvinata,P,2000,0,3,1,52.6
C_pulvinata,P,2000,0,3,2,52.38
C_pulvinata,P,2000,0,3,3,53.73
C_pulvinata,P,20000,0,1,1,66.97
C_pulvinata,P,20000,0,1,2,64.22
C_pulvinata,P,20000,0,1,3,58.68
C_pulvinata,P,20000,0,2,1,57.01
C_pulvinata,P,20000,0,2,2,57.54
C_pulvinata,P,20000,0,2,3,58.07
C_pulvinata,P,20000,0,3,1,52.47
C_pulvinata,P,20000,0,3,2,52.83
C_pulvinata,P,20000,0,3,3,52.05
C_pulvinata,P,0,1,1,1,57.17
C_pulvinata,P,0,1,1,2,56.76
C_pulvinata,P,0,1,1,3,58.2
C_pulvinata,P,0,1,2,1,82.78
C_pulvinata,P,0,1,2,2,84.75
C_pulvinata,P,0,1,2,3,97.49
C_pulvinata,P,0,1,3,1,91.4
C_pulvinata,P,0,1,3,2,78.95
C_pulvinata,P,0,1,3,3,73.26
C_pulvinata,P,20,1,1,1,50.69
C_pulvinata,P,20,1,1,2,47.96
C_pulvinata,P,20,1,1,3,48.21
C_pulvinata,P,20,1,2,1,62.25
C_pulvinata,P,20,1,2,2,57.22
C_pulvinata,P,20,1,2,3,60.1
C_pulvinata,P,20,1,3,1,96.86
C_pulvinata,P,20,1,3,2,84.08
C_pulvinata,P,20,1,3,3,91.11
C_pulvinata,P,2000,1,1,1,56.19
C_pulvinata,P,2000,1,1,2,55.81
C_pulvinata,P,2000,1,1,3,58.12
C_pulvinata,P,2000,1,2,1,45.09
C_pulvinata,P,2000,1,2,2,44.82
C_pulvinata,P,2000,1,2,3,45.31
C_pulvinata,P,2000,1,3,1,58.53
C_pulvinata,P,2000,1,3,2,55.82
C_pulvinata,P,2000,1,3,3,56.554
C_pulvinata,P,20000,1,1,1,47.19
C_pulvinata,P,20000,1,1,2,48.18
C_pulvinata,P,20000,1,1,3,47.32
C_pulvinata,P,20000,1,2,1,43.92
C_pulvinata,P,20000,1,2,2,41.24
C_pulvinata,P,20000,1,2,3,40.92
C_pulvinata,P,20000,1,3,1,46.92
C_pulvinata,P,20000,1,3,2,42.7
C_pulvinata,P,20000,1,3,3,43.36
C_pulvinata,P,0,2,1,1,74.95
C_pulvinata,P,0,2,1,2,68.83
C_pulvinata,P,0,2,1,3,65.54
C_pulvinata,P,0,2,2,1,72.73
C_pulvinata,P,0,2,2,2,88.3
C_pulvinata,P,0,2,2,3,84.5
C_pulvinata,P,0,2,3,1,80.71
C_pulvinata,P,0,2,3,2,77.61
C_pulvinata,P,0,2,3,3,76.66
C_pulvinata,P,20,2,1,1,76.52
C_pulvinata,P,20,2,1,2,79.01
C_pulvinata,P,20,2,1,3,84.1
C_pulvinata,P,20,2,2,1,109.75
C_pulvinata,P,20,2,2,2,104.27
C_pulvinata,P,20,2,2,3,94.76
C_pulvinata,P,20,2,3,1,95.89
C_pulvinata,P,20,2,3,2,84.31
C_pulvinata,P,20,2,3,3,78.5
C_pulvinata,P,2000,2,1,1,47.34
C_pulvinata,P,2000,2,1,2,46.37
C_pulvinata,P,2000,2,1,3,46.21
C_pulvinata,P,2000,2,2,1,96.8
C_pulvinata,P,2000,2,2,2,83.74
C_pulvinata,P,2000,2,2,3,85.44
C_pulvinata,P,2000,2,3,1,61.92
C_pulvinata,P,2000,2,3,2,61.05
C_pulvinata,P,2000,2,3,3,62.71
C_pulvinata,P,20000,2,1,1,68.11
C_pulvinata,P,20000,2,1,2,60.5
C_pulvinata,P,20000,2,1,3,56.05
C_pulvinata,P,20000,2,2,1,56.62
C_pulvinata,P,20000,2,2,2,51.92
C_pulvinata,P,20000,2,2,3,60.25
C_pulvinata,P,20000,2,3,1,47.52
C_pulvinata,P,20000,2,3,2,48.86
C_pulvinata,P,20000,2,3,3,47.21
C_pulvinata,P,0,3,1,1,223.87
C_pulvinata,P,0,3,1,2,221.15
C_pulvinata,P,0,3,1,3,209.99
C_pulvinata,P,0,3,2,1,138.68
C_pulvinata,P,0,3,2,2,133.86
C_pulvinata,P,0,3,2,3,127.73
C_pulvinata,P,0,3,3,1,115.32
C_pulvinata,P,0,3,3,2,112.28
C_pulvinata,P,0,3,3,3,114.87
C_pulvinata,P,20,3,1,1,141.86
C_pulvinata,P,20,3,1,2,141.21
C_pulvinata,P,20,3,1,3,145.43
C_pulvinata,P,20,3,2,1,127.86
C_pulvinata,P,20,3,2,2,130.52
C_pulvinata,P,20,3,2,3,129.07
C_pulvinata,P,20,3,3,1,175.66
C_pulvinata,P,20,3,3,2,179.71
C_pulvinata,P,20,3,3,3,183.5
C_pulvinata,P,2000,3,1,1,132.31
C_pulvinata,P,2000,3,1,2,131.13
C_pulvinata,P,2000,3,1,3,140.46
C_pulvinata,P,2000,3,2,1,149.11
C_pulvinata,P,2000,3,2,2,147.85
C_pulvinata,P,2000,3,2,3,134.84
C_pulvinata,P,2000,3,3,1,205.32
C_pulvinata,P,2000,3,3,2,190.53
C_pulvinata,P,2000,3,3,3,189.26
C_pulvinata,P,20000,3,1,1,120.82
C_pulvinata,P,20000,3,1,2,116.61
C_pulvinata,P,20000,3,1,3,115.46
C_pulvinata,P,20000,3,2,1,127.81
C_pulvinata,P,20000,3,2,2,122.01
C_pulvinata,P,20000,3,2,3,120.52
C_pulvinata,P,20000,3,3,1,139.09
C_pulvinata,P,20000,3,3,2,131.6
C_pulvinata,P,20000,3,3,3,122.46
C_pulvinata,P,0,4,1,1,245.52
C_pulvinata,P,0,4,1,2,243.37
C_pulvinata,P,0,4,1,3,236.71
C_pulvinata,P,0,4,2,1,163.62
C_pulvinata,P,0,4,2,2,165.32
C_pulvinata,P,0,4,2,3,162.35
C_pulvinata,P,0,4,3,1,162.81
C_pulvinata,P,0,4,3,2,153.24
C_pulvinata,P,0,4,3,3,154
C_pulvinata,P,20,4,1,1,199.77
C_pulvinata,P,20,4,1,2,188.86
C_pulvinata,P,20,4,1,3,190.84
C_pulvinata,P,20,4,2,1,205.13
C_pulvinata,P,20,4,2,2,196.85
C_pulvinata,P,20,4,2,3,189.85
C_pulvinata,P,20,4,3,1,241.62
C_pulvinata,P,20,4,3,2,227.07
C_pulvinata,P,20,4,3,3,214.36
C_pulvinata,P,2000,4,1,1,172.17
C_pulvinata,P,2000,4,1,2,165.88
C_pulvinata,P,2000,4,1,3,157.68
C_pulvinata,P,2000,4,2,1,209.32
C_pulvinata,P,2000,4,2,2,204.71
C_pulvinata,P,2000,4,2,3,205.66
C_pulvinata,P,2000,4,3,1,276.32
C_pulvinata,P,2000,4,3,2,267.06
C_pulvinata,P,2000,4,3,3,263.04
C_pulvinata,P,20000,4,1,1,168.24
C_pulvinata,P,20000,4,1,2,155.19
C_pulvinata,P,20000,4,1,3,153.97
C_pulvinata,P,20000,4,2,1,289.79
C_pulvinata,P,20000,4,2,2,281.55
C_pulvinata,P,20000,4,2,3,284.89
C_pulvinata,P,20000,4,3,1,261
C_pulvinata,P,20000,4,3,2,269.72
C_pulvinata,P,20000,4,3,3,180.72
C_pulvinata,P,0,5,1,1,315.91
C_pulvinata,P,0,5,1,2,323.6
C_pulvinata,P,0,5,1,3,328.04
C_pulvinata,P,0,5,2,1,219
C_pulvinata,P,0,5,2,2,214.44
C_pulvinata,P,0,5,2,3,209.79
C_pulvinata,P,0,5,3,1,231.06
C_pulvinata,P,0,5,3,2,230.41
C_pulvinata,P,0,5,3,3,228.17
C_pulvinata,P,20,5,1,1,290.38
C_pulvinata,P,20,5,1,2,280.19
C_pulvinata,P,20,5,1,3,267.89
C_pulvinata,P,20,5,2,1,340.09
C_pulvinata,P,20,5,2,2,336.23
C_pulvinata,P,20,5,2,3,325.41
C_pulvinata,P,20,5,3,1,314.29
C_pulvinata,P,20,5,3,2,314.85
C_pulvinata,P,20,5,3,3,314.64
C_pulvinata,P,2000,5,1,1,366.75
C_pulvinata,P,2000,5,1,2,354.45
C_pulvinata,P,2000,5,1,3,338.41
C_pulvinata,P,2000,5,2,1,322.64
C_pulvinata,P,2000,5,2,2,313.65
C_pulvinata,P,2000,5,2,3,307.04
C_pulvinata,P,2000,5,3,1,378.91
C_pulvinata,P,2000,5,3,2,368.7
C_pulvinata,P,2000,5,3,3,365.92
C_pulvinata,P,20000,5,1,1,397.9
C_pulvinata,P,20000,5,1,2,402.14
C_pulvinata,P,20000,5,1,3,402.4
C_pulvinata,P,20000,5,2,1,466.64
C_pulvinata,P,20000,5,2,2,480.5
C_pulvinata,P,20000,5,2,3,483.95
C_pulvinata,P,20000,5,3,1,467.18
C_pulvinata,P,20000,5,3,2,468.36
C_pulvinata,P,20000,5,3,3,463.64
C_pulvinata,P,0,6,1,1,325.73
C_pulvinata,P,0,6,1,2,324.64
C_pulvinata,P,0,6,1,3,319.91
C_pulvinata,P,0,6,2,1,295.51
C_pulvinata,P,0,6,2,2,291.32
C_pulvinata,P,0,6,2,3,288.51
C_pulvinata,P,0,6,3,1,217.5
C_pulvinata,P,0,6,3,2,220.89
C_pulvinata,P,0,6,3,3,222.6
C_pulvinata,P,20,6,1,1,306.28
C_pulvinata,P,20,6,1,2,284.81
C_pulvinata,P,20,6,1,3,277.61
C_pulvinata,P,20,6,2,1,388.04
C_pulvinata,P,20,6,2,2,389.72
C_pulvinata,P,20,6,2,3,390.38
C_pulvinata,P,20,6,3,1,367.69
C_pulvinata,P,20,6,3,2,359.71
C_pulvinata,P,20,6,3,3,348.73
C_pulvinata,P,2000,6,1,1,432.42
C_pulvinata,P,2000,6,1,2,439.63
C_pulvinata,P,2000,6,1,3,446.02
C_pulvinata,P,2000,6,2,1,399.9
C_pulvinata,P,2000,6,2,2,397.25
C_pulvinata,P,2000,6,2,3,404.85
C_pulvinata,P,2000,6,3,1,400.66
C_pulvinata,P,2000,6,3,2,388.18
C_pulvinata,P,2000,6,3,3,380.12
C_pulvinata,P,20000,6,1,1,526.61
C_pulvinata,P,20000,6,1,2,540.47
C_pulvinata,P,20000,6,1,3,539.09
C_pulvinata,P,20000,6,2,1,544.63
C_pulvinata,P,20000,6,2,2,538.2
C_pulvinata,P,20000,6,2,3,533.76
C_pulvinata,P,20000,6,3,1,483.81
C_pulvinata,P,20000,6,3,2,473.34
C_pulvinata,P,20000,6,3,3,445.56
C_pulvinata,P,0,7,1,1,402.85
C_pulvinata,P,0,7,1,2,401.71
C_pulvinata,P,0,7,1,3,394.13
C_pulvinata,P,0,7,2,1,325.57
C_pulvinata,P,0,7,2,2,327.27
C_pulvinata,P,0,7,2,3,327.33
C_pulvinata,P,0,7,3,1,239.81
C_pulvinata,P,0,7,3,2,239.91
C_pulvinata,P,0,7,3,3,244.71
C_pulvinata,P,20,7,1,1,418.4
C_pulvinata,P,20,7,1,2,398.83
C_pulvinata,P,20,7,1,3,384.23
C_pulvinata,P,20,7,2,1,442.66
C_pulvinata,P,20,7,2,2,433.85
C_pulvinata,P,20,7,2,3,432.91
C_pulvinata,P,20,7,3,1,387.4
C_pulvinata,P,20,7,3,2,377.84
C_pulvinata,P,20,7,3,3,374.47
C_pulvinata,P,2000,7,1,1,517.22
C_pulvinata,P,2000,7,1,2,497.57
C_pulvinata,P,2000,7,1,3,486.34
C_pulvinata,P,2000,7,2,1,489.09
C_pulvinata,P,2000,7,2,2,484.6
C_pulvinata,P,2000,7,2,3,488.41
C_pulvinata,P,2000,7,3,1,438.15
C_pulvinata,P,2000,7,3,2,426.56
C_pulvinata,P,2000,7,3,3,422.39
C_pulvinata,P,20000,7,1,1,648.99
C_pulvinata,P,20000,7,1,2,652.03
C_pulvinata,P,20000,7,1,3,642.07
C_pulvinata,P,20000,7,2,1,671.22
C_pulvinata,P,20000,7,2,2,681.63
C_pulvinata,P,20000,7,2,3,691.23
C_pulvinata,P,20000,7,3,1,632.33
C_pulvinata,P,20000,7,3,2,610.47
C_pulvinata,P,20000,7,3,3,559.56
C_pulvinata,P,0,8,1,1,453.97
C_pulvinata,P,0,8,1,2,407.29
C_pulvinata,P,0,8,1,3,393.49
C_pulvinata,P,0,8,2,1,343.47
C_pulvinata,P,0,8,2,2,299.22
C_pulvinata,P,0,8,2,3,281.96
C_pulvinata,P,0,8,3,1,285.02
C_pulvinata,P,0,8,3,2,270.28
C_pulvinata,P,0,8,3,3,260.47
C_pulvinata,P,20,8,1,1,448.19
C_pulvinata,P,20,8,1,2,380.11
C_pulvinata,P,20,8,1,3,380.41
C_pulvinata,P,20,8,2,1,549.67
C_pulvinata,P,20,8,2,2,494.14
C_pulvinata,P,20,8,2,3,503.18
C_pulvinata,P,20,8,3,1,506.43
C_pulvinata,P,20,8,3,2,464.45
C_pulvinata,P,20,8,3,3,469.31
C_pulvinata,P,2000,8,1,1,611.29
C_pulvinata,P,2000,8,1,2,512.74
C_pulvinata,P,2000,8,1,3,498.6
C_pulvinata,P,2000,8,2,1,596.48
C_pulvinata,P,2000,8,2,2,523.94
C_pulvinata,P,2000,8,2,3,511.99
C_pulvinata,P,2000,8,3,1,511.63
C_pulvinata,P,2000,8,3,2,428.56
C_pulvinata,P,2000,8,3,3,419.75
C_pulvinata,P,20000,8,1,1,872.83
C_pulvinata,P,20000,8,1,2,730.3
C_pulvinata,P,20000,8,1,3,772.3
C_pulvinata,P,20000,8,2,1,841.99
C_pulvinata,P,20000,8,2,2,694.37
C_pulvinata,P,20000,8,2,3,650.66
C_pulvinata,P,20000,8,3,1,946.52
C_pulvinata,P,20000,8,3,2,815.58
C_pulvinata,P,20000,8,3,3,768.55
C_pulvinata,P,0,9,1,1,533.74
C_pulvinata,P,0,9,1,2,471.08
C_pulvinata,P,0,9,1,3,466.27
C_pulvinata,P,0,9,2,1,395.47
C_pulvinata,P,0,9,2,2,342.76
C_pulvinata,P,0,9,2,3,321.09
C_pulvinata,P,0,9,3,1,272.74
C_pulvinata,P,0,9,3,2,257.07
C_pulvinata,P,0,9,3,3,270.75
C_pulvinata,P,20,9,1,1,513.18
C_pulvinata,P,20,9,1,2,428.85
C_pulvinata,P,20,9,1,3,403.39
C_pulvinata,P,20,9,2,1,715.7
C_pulvinata,P,20,9,2,2,609.18
C_pulvinata,P,20,9,2,3,675.3
C_pulvinata,P,20,9,3,1,710.85
C_pulvinata,P,20,9,3,2,612.13
C_pulvinata,P,20,9,3,3,567.83
C_pulvinata,P,2000,9,1,1,811.1
C_pulvinata,P,2000,9,1,2,676.28
C_pulvinata,P,2000,9,1,3,641.17
C_pulvinata,P,2000,9,2,1,780.61
C_pulvinata,P,2000,9,2,2,667.67
C_pulvinata,P,2000,9,2,3,635.49
C_pulvinata,P,2000,9,3,1,788.73
C_pulvinata,P,2000,9,3,2,716.86
C_pulvinata,P,2000,9,3,3,715.98
C_pulvinata,P,20000,9,1,1,1176.51
C_pulvinata,P,20000,9,1,2,905.74
C_pulvinata,P,20000,9,1,3,843.22
C_pulvinata,P,20000,9,2,1,1129.57
C_pulvinata,P,20000,9,2,2,921.93
C_pulvinata,P,20000,9,2,3,889.29
C_pulvinata,P,20000,9,3,1,1167.5
C_pulvinata,P,20000,9,3,2,999.15
C_pulvinata,P,20000,9,3,3,915.06
C_pulvinata,P,0,10,1,1,590.94
C_pulvinata,P,0,10,1,2,514.48
C_pulvinata,P,0,10,1,3,486.14
C_pulvinata,P,0,10,2,1,416.09
C_pulvinata,P,0,10,2,2,357.13
C_pulvinata,P,0,10,2,3,334.85
C_pulvinata,P,0,10,3,1,335.12
C_pulvinata,P,0,10,3,2,310.32
C_pulvinata,P,0,10,3,3,307.36
C_pulvinata,P,20,10,1,1,720.47
C_pulvinata,P,20,10,1,2,602.37
C_pulvinata,P,20,10,1,3,572.48
C_pulvinata,P,20,10,2,1,859.2
C_pulvinata,P,20,10,2,2,716.95
C_pulvinata,P,20,10,2,3,704.63
C_pulvinata,P,20,10,3,1,891.1
C_pulvinata,P,20,10,3,2,739.94
C_pulvinata,P,20,10,3,3,724.73
C_pulvinata,P,2000,10,1,1,1072.46
C_pulvinata,P,2000,10,1,2,857.69
C_pulvinata,P,2000,10,1,3,835.43
C_pulvinata,P,2000,10,2,1,883.94
C_pulvinata,P,2000,10,2,2,732.96
C_pulvinata,P,2000,10,2,3,710.3
C_pulvinata,P,2000,10,3,1,971.12
C_pulvinata,P,2000,10,3,2,809.95
C_pulvinata,P,2000,10,3,3,790.89
C_pulvinata,P,20000,10,1,1,1464
C_pulvinata,P,20000,10,1,2,1043.48
C_pulvinata,P,20000,10,1,3,956.49
C_pulvinata,P,20000,10,2,1,1507.22
C_pulvinata,P,20000,10,2,2,1140.21
C_pulvinata,P,20000,10,2,3,1084.67
C_pulvinata,P,20000,10,3,1,1425.28
C_pulvinata,P,20000,10,3,2,1090.13
C_pulvinata,P,20000,10,3,3,1035.98
C_pulvinata,P,0,11,1,1,973.46
C_pulvinata,P,0,11,1,2,942.47
C_pulvinata,P,0,11,1,3,943.14
C_pulvinata,P,0,11,2,1,752.94
C_pulvinata,P,0,11,2,2,713.02
C_pulvinata,P,0,11,2,3,692.48
C_pulvinata,P,0,11,3,1,481.09
C_pulvinata,P,0,11,3,2,464.54
C_pulvinata,P,0,11,3,3,445.87
C_pulvinata,P,20,11,1,1,1131.64
C_pulvinata,P,20,11,1,2,1040.55
C_pulvinata,P,20,11,1,3,1009.96
C_pulvinata,P,20,11,2,1,1636.83
C_pulvinata,P,20,11,2,2,1503.61
C_pulvinata,P,20,11,2,3,1466.83
C_pulvinata,P,20,11,3,1,1651.81
C_pulvinata,P,20,11,3,2,1542.11
C_pulvinata,P,20,11,3,3,1506.67
C_pulvinata,P,2000,11,1,1,2342.44
C_pulvinata,P,2000,11,1,2,2053.64
C_pulvinata,P,2000,11,1,3,2028.86
C_pulvinata,P,2000,11,2,1,1523.91
C_pulvinata,P,2000,11,2,2,1358.21
C_pulvinata,P,2000,11,2,3,1353.13
C_pulvinata,P,2000,11,3,1,1901.4
C_pulvinata,P,2000,11,3,2,1676.15
C_pulvinata,P,2000,11,3,3,1691.64
C_pulvinata,P,20000,11,1,1,2606.35
C_pulvinata,P,20000,11,1,2,2311.44
C_pulvinata,P,20000,11,1,3,2241.53
C_pulvinata,P,20000,11,2,1,2618.84
C_pulvinata,P,20000,11,2,2,2254.42
C_pulvinata,P,20000,11,2,3,2278.39
C_pulvinata,P,20000,11,3,1,2974.98
C_pulvinata,P,20000,11,3,2,2582.33
C_pulvinata,P,20000,11,3,3,2916.73
C_pulvinata,P,0,12,1,1,1524.43
C_pulvinata,P,0,12,1,2,1280.46
C_pulvinata,P,0,12,1,3,1243.31
C_pulvinata,P,0,12,2,1,1128.88
C_pulvinata,P,0,12,2,2,1036.94
C_pulvinata,P,0,12,2,3,989.09
C_pulvinata,P,0,12,3,1,519.59
C_pulvinata,P,0,12,3,2,505.27
C_pulvinata,P,0,12,3,3,489.34
C_pulvinata,P,20,12,1,1,1645.48
C_pulvinata,P,20,12,1,2,1453.26
C_pulvinata,P,20,12,1,3,1379.88
C_pulvinata,P,20,12,2,1,2081.6
C_pulvinata,P,20,12,2,2,1864.04
C_pulvinata,P,20,12,2,3,1741.51
C_pulvinata,P,20,12,3,1,2393.85
C_pulvinata,P,20,12,3,2,2175.25
C_pulvinata,P,20,12,3,3,2120.52
C_pulvinata,P,2000,12,1,1,2927.92
C_pulvinata,P,2000,12,1,2,2685.81
C_pulvinata,P,2000,12,1,3,2605.39
C_pulvinata,P,2000,12,2,1,2386.45
C_pulvinata,P,2000,12,2,2,2224.75
C_pulvinata,P,2000,12,2,3,2176.11
C_pulvinata,P,2000,12,3,1,3011.43
C_pulvinata,P,2000,12,3,2,2955.31
C_pulvinata,P,2000,12,3,3,2908.85
C_pulvinata,P,20000,12,1,1,4738.63
C_pulvinata,P,20000,12,1,2,4689.53
C_pulvinata,P,20000,12,1,3,4631.22
C_pulvinata,P,20000,12,2,1,4088.62
C_pulvinata,P,20000,12,2,2,4012.24
C_pulvinata,P,20000,12,2,3,3948.16
C_pulvinata,P,20000,12,3,1,4199.72
C_pulvinata,P,20000,12,3,2,4117.19
C_pulvinata,P,20000,12,3,3,4043.11
C_pulvinata,P,0,13,1,1,1407.79
C_pulvinata,P,0,13,1,2,1053.77
C_pulvinata,P,0,13,1,3,1014.98
C_pulvinata,P,0,13,2,1,1084.08
C_pulvinata,P,0,13,2,2,879.25
C_pulvinata,P,0,13,2,3,839.02
C_pulvinata,P,0,13,3,1,547.68
C_pulvinata,P,0,13,3,2,499.25
C_pulvinata,P,0,13,3,3,477.43
C_pulvinata,P,20,13,1,1,1695.29
C_pulvinata,P,20,13,1,2,1284.41
C_pulvinata,P,20,13,1,3,1184.57
C_pulvinata,P,20,13,2,1,2312.18
C_pulvinata,P,20,13,2,2,1716.53
C_pulvinata,P,20,13,2,3,1584.16
C_pulvinata,P,20,13,3,1,2534.77
C_pulvinata,P,20,13,3,2,2144.72
C_pulvinata,P,20,13,3,3,1847.1
C_pulvinata,P,2000,13,1,1,3420.64
C_pulvinata,P,2000,13,1,2,3026.52
C_pulvinata,P,2000,13,1,3,2355.7
C_pulvinata,P,2000,13,2,1,2665.16
C_pulvinata,P,2000,13,2,2,2324.68
C_pulvinata,P,2000,13,2,3,2407
C_pulvinata,P,2000,13,3,1,2938.85
C_pulvinata,P,2000,13,3,2,2525.89
C_pulvinata,P,2000,13,3,3,2498.82
C_pulvinata,P,20000,13,1,1,3901.32
C_pulvinata,P,20000,13,1,2,3117.51
C_pulvinata,P,20000,13,1,3,3090.47
C_pulvinata,P,20000,13,2,1,3954.73
C_pulvinata,P,20000,13,2,2,3294.51
C_pulvinata,P,20000,13,2,3,2896.7
C_pulvinata,P,20000,13,3,1,4328.84
C_pulvinata,P,20000,13,3,2,3835.75
C_pulvinata,P,20000,13,3,3,3885.62
C_pulvinata,P,0,14,1,1,2085.03
C_pulvinata,P,0,14,1,2,2040.02
C_pulvinata,P,0,14,1,3,2000.99
C_pulvinata,P,0,14,2,1,1982.52
C_pulvinata,P,0,14,2,2,1975.74
C_pulvinata,P,0,14,2,3,1961.48
C_pulvinata,P,0,14,3,1,767.65
C_pulvinata,P,0,14,3,2,747
C_pulvinata,P,0,14,3,3,719.62
C_pulvinata,P,20,14,1,1,2928.44
C_pulvinata,P,20,14,1,2,2848.92
C_pulvinata,P,20,14,1,3,2850.18
C_pulvinata,P,20,14,2,1,3473.4
C_pulvinata,P,20,14,2,2,3088.19
C_pulvinata,P,20,14,2,3,2884.09
C_pulvinata,P,20,14,3,1,3723.48
C_pulvinata,P,20,14,3,2,3593.8
C_pulvinata,P,20,14,3,3,3535.56
C_pulvinata,P,2000,14,1,1,4189.39
C_pulvinata,P,2000,14,1,2,3916.51
C_pulvinata,P,2000,14,1,3,3766.1
C_pulvinata,P,2000,14,2,1,3434.8
C_pulvinata,P,2000,14,2,2,3277.61
C_pulvinata,P,2000,14,2,3,3183.81
C_pulvinata,P,2000,14,3,1,3881.92
C_pulvinata,P,2000,14,3,2,3511.9
C_pulvinata,P,2000,14,3,3,3335.59
C_pulvinata,P,20000,14,1,1,5040.53
C_pulvinata,P,20000,14,1,2,4215.36
C_pulvinata,P,20000,14,1,3,3946.34
C_pulvinata,P,20000,14,2,1,4568.76
C_pulvinata,P,20000,14,2,2,3839.28
C_pulvinata,P,20000,14,2,3,3602.03
C_pulvinata,P,20000,14,3,1,5452.33
C_pulvinata,P,20000,14,3,2,4832.59
C_pulvinata,P,20000,14,3,3,4671.82
C_pulvinata,P,0,15,1,1,1393.92
C_pulvinata,P,0,15,1,2,999.86
C_pulvinata,P,0,15,1,3,951.06
C_pulvinata,P,0,15,2,1,1231.96
C_pulvinata,P,0,15,2,2,834.13
C_pulvinata,P,0,15,2,3,806.62
C_pulvinata,P,0,15,3,1,698.26
C_pulvinata,P,0,15,3,2,672.43
C_pulvinata,P,0,15,3,3,572.63
C_pulvinata,P,20,15,1,1,1698.56
C_pulvinata,P,20,15,1,2,1112.33
C_pulvinata,P,20,15,1,3,1089.49
C_pulvinata,P,20,15,2,1,2026.61
C_pulvinata,P,20,15,2,2,1285.65
C_pulvinata,P,20,15,2,3,1397.27
C_pulvinata,P,20,15,3,1,2320.87
C_pulvinata,P,20,15,3,2,1448.21
C_pulvinata,P,20,15,3,3,1602.77
C_pulvinata,P,2000,15,1,1,2988.9
C_pulvinata,P,2000,15,1,2,1881.94
C_pulvinata,P,2000,15,1,3,2293.68
C_pulvinata,P,2000,15,2,1,2470.86
C_pulvinata,P,2000,15,2,2,1610.98
C_pulvinata,P,2000,15,2,3,1485.88
C_pulvinata,P,2000,15,3,1,2374.82
C_pulvinata,P,2000,15,3,2,1999.96
C_pulvinata,P,2000,15,3,3,1909.5
C_pulvinata,P,20000,15,1,1,3811.47
C_pulvinata,P,20000,15,1,2,2588.39
C_pulvinata,P,20000,15,1,3,2657.16
C_pulvinata,P,20000,15,2,1,3932.46
C_pulvinata,P,20000,15,2,2,2729.31
C_pulvinata,P,20000,15,2,3,3109.02
C_pulvinata,P,20000,15,3,1,3907.18
C_pulvinata,P,20000,15,3,2,2673.71
C_pulvinata,P,20000,15,3,3,2843.04
C_pulvinata,P,0,16,1,1,1633.78
C_pulvinata,P,0,16,1,2,1194.95
C_pulvinata,P,0,16,1,3,1262.45
C_pulvinata,P,0,16,2,1,1671.59
C_pulvinata,P,0,16,2,2,1249.53
C_pulvinata,P,0,16,2,3,1238.53
C_pulvinata,P,0,16,3,1,992.25
C_pulvinata,P,0,16,3,2,949.83
C_pulvinata,P,0,16,3,3,948.55
C_pulvinata,P,20,16,1,1,1912.74
C_pulvinata,P,20,16,1,2,1831.62
C_pulvinata,P,20,16,1,3,1900.92
C_pulvinata,P,20,16,2,1,2289.42
C_pulvinata,P,20,16,2,2,2026.56
C_pulvinata,P,20,16,2,3,2042.39
C_pulvinata,P,20,16,3,1,2526.38
C_pulvinata,P,20,16,3,2,2880.15
C_pulvinata,P,20,16,3,3,2887.99
C_pulvinata,P,2000,16,1,1,3898.33
C_pulvinata,P,2000,16,1,2,3505.37
C_pulvinata,P,2000,16,1,3,3623.42
C_pulvinata,P,2000,16,2,1,3957.6
C_pulvinata,P,2000,16,2,2,3570.27
C_pulvinata,P,2000,16,2,3,3476.11
C_pulvinata,P,2000,16,3,1,3284.56
C_pulvinata,P,2000,16,3,2,3000.74
C_pulvinata,P,2000,16,3,3,3084.65
C_pulvinata,P,20000,16,1,1,4927.88
C_pulvinata,P,20000,16,1,2,3731.6
C_pulvinata,P,20000,16,1,3,3607.87
C_pulvinata,P,20000,16,2,1,4265.71
C_pulvinata,P,20000,16,2,2,3723.62
C_pulvinata,P,20000,16,2,3,3590.51
C_pulvinata,P,20000,16,3,1,4252.36
C_pulvinata,P,20000,16,3,2,3990.22
C_pulvinata,P,20000,16,3,3,3989.14